On scale,Start,End,Delta
2,0:26:49,0:27:26,37s
2,0:27:29,0:27:32,3s
2,0:28:59,0:29:00,1s
3,0:30:35,0:30:47,12s
2,0:30:48,0:30:49,1s
3,0:31:03,0:31:25,22s
2,0:32:12,0:32:22,10s
3,0:32:33,0:32:43,10s
3,0:32:57,0:32:59,2s
2,0:33:08,0:33:10,2s
2,0:33:11,0:33:14,3s
2,0:33:17,0:33:24,7s
3,0:33:39,0:33:40,1s
3,0:40:21,0:40:34,13s
1,0:41:05,0:41:07,2s
3,1:56:24,1:56:54,30s
3,1:57:02,1:57:37,35s
2,1:04:32,1:04:52,20s
2,1:04:55,1:04:56,1s
2,1:04:59,1:05:15,16s
2,1:05:17,1:05:19,2s
2,1:05:21,1:05:22,1s
1,1:05:50,1:06:08,18s
1,1:06:13,1:06:34,21s